{"count":1,"gauges":{},"self":10.2628048,"total":11.264961999999999,"children":{"AgentResetIfDone":{"count":525,"self":0.007463,"total":0.007463,"children":null},"AgentSendState":{"count":525,"self":0.035583,"total":0.105725,"children":{"CollectObservations":{"count":2100,"self":0.070142,"total":0.070142,"children":null}}},"DecideAction":{"count":525,"self":0.87686199999999992,"total":0.87686199999999992,"children":null},"AcademyStep":{"count":525,"self":0.0030299999999999997,"total":0.0030299999999999997,"children":null},"AgentAct":{"count":525,"self":0.007894,"total":0.007894,"children":null}}}